{"cameraMode":{"drawMode":0,"name":"Shaded","section":"Shading Mode"},"sceneLighting":true,"audioPlay":false,"sceneViewState":{"showFog":true,"showMaterialUpdate":false,"showSkybox":true,"showFlares":true,"showImageEffects":true,"showParticleSystems":true},"in2DMode":false,"pivot":{"x":2234.51220703125,"y":-4611.5810546875,"z":1018.0498046875},"rotation":{"x":0.00010466796811670065,"y":-0.9950113296508789,"z":0.10064797848463059,"w":-0.00026842494844458997},"size":275.0251770019531,"orthographic":false}