{"cameraMode":{"drawMode":0,"name":"Shaded","section":"Shading Mode"},"sceneLighting":false,"audioPlay":false,"sceneViewState":{"showFog":true,"showMaterialUpdate":false,"showSkybox":false,"showFlares":true,"showImageEffects":true,"showParticleSystems":true},"in2DMode":false,"pivot":{"x":55.26000213623047,"y":15.078033447265625,"z":5.505195617675781},"rotation":{"x":-0.402874231338501,"y":0.5519917607307434,"z":-0.3459932804107666,"w":-0.642960786819458},"size":89.38068389892578,"orthographic":false}