{"cameraMode":{"drawMode":0,"name":"Shaded","section":"Shading Mode"},"sceneLighting":false,"audioPlay":false,"sceneViewState":{"showFog":true,"showMaterialUpdate":false,"showSkybox":false,"showFlares":true,"showImageEffects":true,"showParticleSystems":true},"in2DMode":false,"pivot":{"x":-9.699996948242188,"y":6.71707820892334,"z":1.3799819946289063},"rotation":{"x":-0.29727989435195925,"y":-0.13127470016479493,"z":0.041258376091718677,"w":-0.9448849558830261},"size":57.851078033447269,"orthographic":false}