{"cameraMode":{"drawMode":0,"name":"Shaded","section":"Shading Mode"},"sceneLighting":true,"audioPlay":false,"sceneViewState":{"showFog":true,"showMaterialUpdate":false,"showSkybox":true,"showFlares":true,"showImageEffects":true,"showParticleSystems":true},"in2DMode":false,"pivot":{"x":-80.83000183105469,"y":23.780000686645509,"z":-23.799999237060548},"rotation":{"x":0.16881665587425233,"y":-0.38810688257217409,"z":0.07260733842849732,"w":0.9031627774238586},"size":10.0,"orthographic":false}