{"cameraMode":{"drawMode":0,"name":"Shaded","section":"Shading Mode"},"sceneLighting":true,"audioPlay":false,"sceneViewState":{"showFog":true,"showMaterialUpdate":false,"showSkybox":true,"showFlares":true,"showImageEffects":true,"showParticleSystems":true},"in2DMode":false,"pivot":{"x":0.3737539052963257,"y":68.2265625,"z":-149.7358856201172},"rotation":{"x":0.12359222769737244,"y":0.11941085010766983,"z":-0.014944103546440602,"w":0.9850641489028931},"size":120.0092544555664,"orthographic":false}