{"cameraMode":{"drawMode":0,"name":"Shaded","section":"Shading Mode"},"sceneLighting":true,"audioPlay":false,"sceneViewState":{"showFog":true,"showMaterialUpdate":false,"showSkybox":true,"showFlares":true,"showImageEffects":true,"showParticleSystems":true},"in2DMode":false,"pivot":{"x":-0.09607887268066406,"y":19.378032684326173,"z":1.4354667663574219},"rotation":{"x":-0.16247934103012086,"y":-0.7293993830680847,"z":0.1857043206691742,"w":-0.6381332874298096},"size":34.79201889038086,"orthographic":false}