{"cameraMode":{"drawMode":0,"name":"Shaded","section":"Shading Mode"},"sceneLighting":false,"audioPlay":false,"sceneViewState":{"showFog":true,"showMaterialUpdate":false,"showSkybox":false,"showFlares":true,"showImageEffects":true,"showParticleSystems":true},"in2DMode":false,"pivot":{"x":-48.29999923706055,"y":1.8766231536865235,"z":-4.196628570556641},"rotation":{"x":-0.402874231338501,"y":0.5519917607307434,"z":-0.3459932804107666,"w":-0.642960786819458},"size":19.90349769592285,"orthographic":false}