{"cameraMode":{"drawMode":0,"name":"Shaded","section":"Shading Mode"},"sceneLighting":false,"audioPlay":false,"sceneViewState":{"showFog":true,"showMaterialUpdate":false,"showSkybox":false,"showFlares":true,"showImageEffects":true,"showParticleSystems":true},"in2DMode":false,"pivot":{"x":14.800002098083496,"y":12.991926193237305,"z":1.448446273803711},"rotation":{"x":-0.26237794756889346,"y":0.2635331451892853,"z":-0.07476871460676193,"w":-0.925330638885498},"size":65.98651885986328,"orthographic":false}