{"cameraMode":{"drawMode":0,"name":"Shaded","section":"Shading Mode"},"sceneLighting":false,"audioPlay":false,"sceneViewState":{"showFog":true,"showMaterialUpdate":true,"showSkybox":false,"showFlares":true,"showImageEffects":true,"showParticleSystems":true},"in2DMode":false,"pivot":{"x":55.26000213623047,"y":15.078033447265625,"z":5.505195617675781},"rotation":{"x":0.04366748780012131,"y":0.07634798437356949,"z":-0.003350553335621953,"w":0.9961320757865906},"size":89.38068389892578,"orthographic":false}